es,en,scores,qualify,Espanish_length,English_length,zero,uno,dos,zero,uno,dos
Ã‰l deberÃ­a ser el presidente de toda Latinoamerica,He should be the president of all Latin America,0.0,neutral,50,47,0.5027219197866905,0.12,0.10869565217391304,0.5027219197866905,0.12,0.10869565217391304
Un hombre que si sabe para que es el puesto de Presidente.ğŸ‘,A man who does know what the position of President is for.ğŸ‘,0.0,neutral,59,59,0.5027219197866905,0.1425,0.13768115942028986,0.5027219197866905,0.1425,0.13768115942028986
Y petrosky llorando porque los de la primera lÃ­nea quieren suicidarse..,And Petrosky crying because those on the front line want to commit suicide..,-0.1531,negative,71,76,0.4176758137984669,0.1725,0.178743961352657,0.4176758137984669,0.1725,0.178743961352657
Petro te hablan â€¦ aprende muchacho,Petro they talk to you... learn boy,0.0,neutral,34,35,0.5027219197866905,0.08,0.07971014492753624,0.5027219197866905,0.08,0.07971014492753624
Al menos allÃ¡ intentan hacer algo para mejorar las cosas,At least there they try to do something to improve things,0.4404,positive,56,57,0.7473614042884125,0.135,0.13285024154589373,0.7473614042884125,0.135,0.13285024154589373
"OjalÃ¡ no solo se quede en el castigo, sino que tambiÃ©n desde ahÃ­ se dÃ© espacio para segundas oportunidades y la resocializaciÃ³n.","Hopefully he not only stays in punishment, but also from there space is given for second chances and re-socialization.",0.2382,positive,128,118,0.6350405510498834,0.315,0.2801932367149758,0.6350405510498834,0.315,0.2801932367149758
"No sabe lo que hace, aprÃ©ndale al nuestro! serian 40 mil gestores de paz ğŸ˜‰","He doesn't know what he's doing, learn ours! there would be 40 thousand peace managers ğŸ˜‰",0.5848,positive,74,88,0.8275747139206755,0.18,0.20772946859903382,0.8275747139206755,0.18,0.20772946859903382
AcÃ¡ los sacan de la cÃ¡rcel.. Y le dan subsidio...,Here they get them out of jail.. And they give them a subsidy...,0.0,neutral,49,64,0.5027219197866905,0.1175,0.1497584541062802,0.5027219197866905,0.1175,0.1497584541062802
"En Colombia es igual pero no los meten a la cÃ¡rcel sino que les dan curules en el Gobierno, subsidios y los convierten en gestores de paz. MÃ¡s lindos.","In Colombia it's the same, but they don't put them in jail, they give them seats in the government, subsidies, and turn them into peace managers. prettier.",0.872,positive,150,155,0.9871125430507722,0.37,0.3695652173913043,0.9871125430507722,0.37,0.3695652173913043
Digno de toda mi admiraciÃ³n ğŸ‘ asÃ­ necesitamos uno aquÃ­!,Worthy of all my admiration ğŸ‘ so we need one here!,0.7712,positive,55,50,0.9311187645817133,0.1325,0.11594202898550725,0.9311187645817133,0.1325,0.11594202898550725
ğŸ˜ğŸ˜ ! Y aquÃ­ llamÃ¡ndolos voceros de paz y pagÃ¡ndoles.,ğŸ˜ğŸ˜! And here calling them spokesmen for peace and paying them.,0.5848,positive,52,62,0.8275747139206755,0.125,0.14492753623188406,0.8275747139206755,0.125,0.14492753623188406
Mientras en Colombia les dan $1 millÃ³n de pesos y les perdonan todo,While in Colombia they give them $1 million pesos and forgive them everything,0.2732,positive,67,77,0.654482835240529,0.1625,0.18115942028985507,0.654482835240529,0.1625,0.18115942028985507
Se podrÃ¡n decir muchas cosas pero el pueblo salvadoreÃ±o tiene seguridad,"Many things can be said, but the Salvadoran people have security",0.4767,positive,71,64,0.7675258304632819,0.1725,0.1497584541062802,0.7675258304632819,0.1725,0.1497584541062802
"A este man le critican muchas cosas, pero vaya que es diciendo y haciendo","This man is criticized for many things, but what is he saying and doing",-0.1901,negative,73,71,0.3971225419397846,0.1775,0.16666666666666666,0.3971225419397846,0.1775,0.16666666666666666
AquÃ­ en Colombia los llamamos â€œGestores de Pazâ€. Adicionalmente los sacamos de la cÃ¡rceles y le pagamos un subsidio por su gran labor como ciudadanos colombianos â˜ºï¸,"Here in Colombia we call them â€œPeace Managersâ€. Additionally, we get them out of prison and pay them a subsidy for their great work as Colombian citizens â˜ºï¸",0.1027,positive,164,156,0.5597711365403845,0.405,0.3719806763285024,0.5597711365403845,0.405,0.3719806763285024
"AcÃ¡ los pandilleros son gestores de paz, la lÃ³gica es en ves de hacer cÃ¡rceles premiarlos","Here the gang members are peace managers, the logic is instead of making prisons reward them",0.802,positive,89,92,0.9482279746694813,0.2175,0.21739130434782608,0.9482279746694813,0.2175,0.21739130434782608
Ese man no copea de derechos humanos ğŸ¤¯,That man doesn't copy human rights ğŸ¤¯,0.0,neutral,38,36,0.5027219197866905,0.09,0.0821256038647343,0.5027219197866905,0.09,0.0821256038647343
Este man tiene un fetiche con meter presos a la gente,This guy has a fetish for putting people in jail,0.0,neutral,53,48,0.5027219197866905,0.1275,0.1111111111111111,0.5027219197866905,0.1275,0.1111111111111111
AquÃ­ en Colombia prefieren liberarlos porque estÃ¡n muy llenas las cÃ¡rceles!!,Here in Colombia they prefer to release them because the jails are very full!!,0.0,neutral,76,78,0.5027219197866905,0.185,0.18357487922705315,0.5027219197866905,0.185,0.18357487922705315
"Esto es lo que necesitamos en Colombia. Pero contrario a ello, acÃ¡ se les premia, se les paga y se les defiende.","This is what we need in Colombia. But contrary to this, here they are rewarded, paid and defended.",0.6486,positive,112,98,0.8630152205310522,0.275,0.2318840579710145,0.8630152205310522,0.275,0.2318840579710145
Petro deberÃ­a ver esto y aprender,Petro should see this and learn,0.0,neutral,33,31,0.5027219197866905,0.0775,0.07004830917874397,0.5027219197866905,0.0775,0.07004830917874397
"El sueÃ±o salvadoreÃ±o, ese paÃ­s promete","The Salvadoran dream, that country promises",0.5574,positive,38,43,0.8123541828685703,0.09,0.09903381642512077,0.8123541828685703,0.09,0.09903381642512077
Aca petro los quiere sacar de las carceles y pagarles de nuestros impuestos un salario.,Here Petro wants to get them out of prison and pay them a salary from our taxes.,-0.5719,negative,87,80,0.18503499611154323,0.2125,0.18840579710144928,0.18503499611154323,0.2125,0.18840579710144928
De donde van a salir 40mil gestores de paz? ğŸ¤”,"Where are 40,000 peace managers going to come from? ğŸ¤”",0.5423,positive,45,53,0.8039662259748919,0.1075,0.12318840579710144,0.8039662259748919,0.1075,0.12318840579710144
Cuando tendremos un presidente de esos en Colombia,When will we have a president of those in Colombia?,0.0,neutral,50,51,0.5027219197866905,0.12,0.11835748792270531,0.5027219197866905,0.12,0.11835748792270531
A los petriguerrilleros no les gusta esto ğŸ˜‚,Petriguerrilleros don't like this ğŸ˜‚,-0.2755,negative,43,35,0.34968336851460957,0.1025,0.07971014492753624,0.34968336851460957,0.1025,0.07971014492753624
"AquÃ­ en Colombia no se necesitan cÃ¡rceles asÃ­ pues los narcos, terroristas y guerrilleros estÃ¡n en la presidencia, congreso y en las calles, estos Ãºltimos se hacen llamar la primera lÃ­nea y al igual que los anteriores, tambiÃ©n reciben salario de nuestros impuestos.","Here in Colombia prisons are not needed, so drug traffickers, terrorists and guerrillas are in the presidency, congress and in the streets, the latter call themselves the front line and, like the former, they also receive a salary from our taxes.",-0.4336,negative,265,246,0.26185979335629384,0.6575,0.5893719806763285,0.26185979335629384,0.6575,0.5893719806763285
Petro rechazando esa inversiÃ³n en 3 2 1 @gustavopetrourrego cachon,Petro rejecting that investment in 3 2 1 @gustavopetrourrego cachon,-0.4588,negative,66,67,0.2478613487390291,0.16,0.1570048309178744,0.2478613487390291,0.16,0.1570048309178744
"En Colombia ser pillo, ampon, sicario etc. Paga....","In Colombia, being a crook, an ampon, a hit man, etc. Pay....",0.0,neutral,51,61,0.5027219197866905,0.1225,0.14251207729468598,0.5027219197866905,0.1225,0.14251207729468598
En Colombia urge un Bukele,"In Colombia, a Bukele is urgently needed",0.0,neutral,26,40,0.5027219197866905,0.060000000000000005,0.09178743961352658,0.5027219197866905,0.060000000000000005,0.09178743961352658
SeÃ±or venga a ser presidente en Colombia,Lord come be president in Colombia,0.0,neutral,40,34,0.5027219197866905,0.095,0.07729468599033816,0.5027219197866905,0.095,0.07729468599033816
Y acÃ¡ son gestores de paz,And here they are peace managers,0.5423,positive,25,32,0.8039662259748919,0.0575,0.07246376811594203,0.8039662259748919,0.0575,0.07246376811594203
"Tan difÃ­cil es tener un presidente con los huevos bien parados para enfrentar a la delincuencia y darles lo que se merecen. QuÃ© sufrimiento, acÃ¡ mientras tanto queriendo quitar los crimenes para que la taza de delincuencia baje. ğŸ¤¢ğŸ¤¢ğŸ¤¢ğŸ¤¢","It is so difficult to have a president with the balls well standing to face crime and give them what they deserve. What suffering, here meanwhile wanting to eliminate crimes so that the crime rate goes down. ğŸ¤¢ğŸ¤¢ğŸ¤¢ğŸ¤¢",-0.905,negative,233,212,0.0,0.5775,0.5072463768115941,0.0,0.5775,0.5072463768115941
"Lo mismo, que toca hacer en colombia para que los jueces no salgan diciendo , que no hay lugar en las cÃ¡rceles y dejarlos de nuevo en libertad.","The same thing, which has to be done in Colombia so that the judges do not come out saying that there is no place in prisons and let them go free again.",0.2732,positive,143,152,0.654482835240529,0.3525,0.3623188405797101,0.654482835240529,0.3525,0.3623188405797101
"OjalÃ¡ inaugure muchas universidades tambiÃ©nâ€¦pues, si quiere..es opcional ğŸ¤·ğŸ»â€â™‚ï¸","I hope I open many universities too...well, if you want...it's optional ğŸ¤·ğŸ»â€â™‚ï¸",0.4404,positive,78,77,0.7473614042884125,0.19,0.18115942028985507,0.7473614042884125,0.19,0.18115942028985507
Ya no es el sueÃ±o americano sino el sueÃ±o SalvadoreÃ±o ğŸ‘,It is no longer the American dream but the Salvadoran dream ğŸ‘,0.34,positive,55,61,0.6915898233529609,0.1325,0.14251207729468598,0.6915898233529609,0.1325,0.14251207729468598
Espectacular... y acÃ¡ los quieren dejar libres para que no se depriman.,Spectacular... and here they want to set them free so they don't get depressed.,0.7432,positive,71,79,0.9155649372291969,0.1725,0.1859903381642512,0.9155649372291969,0.1725,0.1859903381642512
SerÃ¡ que @gustavopetrourrego puede aprender lo que significa ser un verdadero presidente y dirigente ?,Could it be that @gustavopetrourrego can learn what it means to be a true president and leader?,0.4215,positive,102,95,0.7368625708254639,0.25,0.2246376811594203,0.7368625708254639,0.25,0.2246376811594203
"Este es el presidente que necesita Colombia, acÃ¡ el crimen paga","This is the president that Colombia needs, here crime pays",-0.5423,negative,63,58,0.2014776135984891,0.1525,0.13526570048309178,0.2014776135984891,0.1525,0.13526570048309178
"Colombia en materia de justicia, estÃ¡ involucionando.","Colombia in terms of justice, is regressing.",0.5267,positive,53,44,0.795300522164204,0.1275,0.10144927536231885,0.795300522164204,0.1275,0.10144927536231885
"En Colombia estÃ¡n en el congreso, o son gestores de paz ğŸ˜‚ğŸ¤¦ğŸ»â€â™‚ï¸","In Colombia they are in congress, or they are peace managers ğŸ˜‚ğŸ¤¦ğŸ»â€â™‚ï¸",0.5423,positive,62,67,0.8039662259748919,0.15,0.1570048309178744,0.8039662259748919,0.15,0.1570048309178744
Y acÃ¡ mejor eliminan los delitos para q no sean castigados o mejor aun los nombran gestores de paz ğŸ˜‚ğŸ˜‚ğŸ˜‚,"And here it is better to eliminate the crimes so that they are not punished or better yet, they are appointed peace managers ğŸ˜‚ğŸ˜‚ğŸ˜‚",0.8952,positive,102,128,1.0,0.25,0.3043478260869565,1.0,0.25,0.3043478260869565
"Un aplauso para el seÃ±or bukele ,ejemplo de gobernante ,no como el gobierno de Colombia !","A round of applause for Mr. Bukele, an example of a ruler, not like the Colombian government!",0.2458,positive,89,93,0.6392623041884236,0.2175,0.21980676328502416,0.6392623041884236,0.2175,0.21980676328502416
Que pensara este gobierno de Petro que es alcahuete sobretodo con la primera lÃ­nea ğŸ¤¦ ğŸ˜¡,"What will this Petro government think that it is a pimp, especially with the front line ğŸ¤¦ ğŸ˜¡",0.0,neutral,86,91,0.5027219197866905,0.21,0.214975845410628,0.5027219197866905,0.21,0.214975845410628
Y petro dando bonos a delicuentes,And petro giving bonuses to criminals,0.3182,positive,33,37,0.6794800577713589,0.0775,0.08454106280193237,0.6794800577713589,0.0775,0.08454106280193237
"Pero que los dejen salir en la maÃ±ana y volver en la Noche , sino no es cÃ¡rcel","But let them leave in the morning and come back at night, otherwise it's not jail",-0.0772,negative,78,81,0.4598377958004667,0.19,0.19082125603864733,0.4598377958004667,0.19,0.19082125603864733
Necesitamos varias de esas en Colombia â€¦!!!,We need several of those in Colombiaâ€¦!!!,0.0,neutral,43,40,0.5027219197866905,0.1025,0.09178743961352658,0.5027219197866905,0.1025,0.09178743961352658
"ConstruÃ­da en menos de un aÃ±o, sin duda alguna el mejor presidente, que afortunados Los SalvadoreÃ±os, aquÃ­ en Colombia a los delicuentes los quieren dejar libres.","Built in less than a year, without a doubt the best president, how lucky the Salvadorans, here in Colombia they want to set criminals free.",0.1134,positive,162,139,0.5657149205643819,0.4,0.33091787439613524,0.5657149205643819,0.4,0.33091787439613524
Este man si me representa ğŸ‘ğŸ™Œ,This man does represent me ğŸ‘ğŸ™Œ,0.0,neutral,28,29,0.5027219197866905,0.065,0.06521739130434782,0.5027219197866905,0.065,0.06521739130434782
Nacionalicemos a este seÃ±or acÃ¡ ğŸ‘,Let's nationalize this man here ğŸ‘,0.0,neutral,33,33,0.5027219197866905,0.0775,0.0748792270531401,0.5027219197866905,0.0775,0.0748792270531401
"Y aquÃ­ quieren soltar a las personas con delitos ""menores""... ğŸ™„","And here they want to release people with ""minor"" crimes... ğŸ™„",0.0772,positive,63,61,0.5456060437729142,0.1525,0.14251207729468598,0.5456060437729142,0.1525,0.14251207729468598
Y aquÃ­ con mÃ¡s recursos no es posible,And here with more resources it is not possible,0.0,neutral,37,47,0.5027219197866905,0.0875,0.10869565217391304,0.5027219197866905,0.0875,0.10869565217391304
Y en Colombia denles subsidios ğŸ˜ğŸ˜ğŸ˜ğŸ¤£ğŸ¤£ğŸ¤£ğŸ¤£ğŸ¤¡ğŸ¤¡ğŸ¤¡,And in Colombia give them subsidies ğŸ˜ğŸ˜ğŸ˜ğŸ¤£ğŸ¤£ğŸ¤£ğŸ¤£ğŸ¤¡ğŸ¤¡ğŸ¤¡,0.0,neutral,41,46,0.5027219197866905,0.0975,0.10628019323671498,0.5027219197866905,0.0975,0.10628019323671498
"y el ğŸ¤¡ğŸ¤¡, de aca las quiere eliminar y quitar los delitos jajajajğŸ˜‚ğŸ˜‚ğŸ˜‚","and the ğŸ¤¡ğŸ¤¡, from here he wants to eliminate them and remove the crimes hahahaha ğŸ˜‚ğŸ˜‚ğŸ˜‚",0.0,neutral,67,83,0.5027219197866905,0.1625,0.1956521739130435,0.5027219197866905,0.1625,0.1956521739130435
AcÃ¡ en Colombia serÃ­a de 400.000,"Here in Colombia it would be 400,000",0.0,neutral,32,36,0.5027219197866905,0.075,0.0821256038647343,0.5027219197866905,0.075,0.0821256038647343
Eso sÃ­ es un presidente!!ğŸ‘ğŸ‘ğŸ‘ğŸ‘,Now that's a president!!ğŸ‘ğŸ‘ğŸ‘ğŸ‘,0.0,neutral,29,28,0.5027219197866905,0.06749999999999999,0.06280193236714976,0.5027219197866905,0.06749999999999999,0.06280193236714976
Bukele la tiene clara,Bukele has it clear,0.3818,positive,21,19,0.7148094656149317,0.0475,0.041062801932367145,0.7148094656149317,0.0475,0.041062801932367145
A petro no le gusta esta noticia !,Petro does not like this news!,-0.3404,negative,34,30,0.31363181868681267,0.08,0.0676328502415459,0.31363181868681267,0.08,0.0676328502415459
te amo bebe ğŸ˜ @nayibbukele,I love you baby ğŸ˜ @nayibbukele,0.6369,positive,26,30,0.8565159426730364,0.060000000000000005,0.0676328502415459,0.8565159426730364,0.060000000000000005,0.0676328502415459
ESE ES EL PRESIDENTE QUE NECESITO AQUI EN COLOMBIA DIOS MIO MANDA UN MILAGRO,THIS IS THE PRESIDENT I NEED HERE IN COLOMBIA MY GOD SEND A MIRACLE,0.7096,positive,76,67,0.8969003444061772,0.185,0.1570048309178744,0.8969003444061772,0.185,0.1570048309178744
El Salvador es un paraÃ­so,El Salvador is a paradise,0.6369,positive,25,25,0.8565159426730364,0.0575,0.05555555555555555,0.8565159426730364,0.0575,0.05555555555555555
"Me encanta , a los que hacen lo malo que paguen por sus errores! AsÃ­ funcionan las cosas , admiro a este presidente @nayibbukele ğŸ‘ğŸ¼","I love it, those who do wrong pay for their mistakes! This is how things work, I admire this president @nayibbukele ğŸ‘ğŸ¼",0.3802,positive,131,118,0.7139206754805023,0.3225,0.2801932367149758,0.7139206754805023,0.3225,0.2801932367149758
A Petro le incÃ³moda esto son 40 mil gestores de paz menos,"Petro is uncomfortable with this, there are 40,000 less peace managers",0.1548,positive,57,70,0.5887123652927453,0.1375,0.1642512077294686,0.5887123652927453,0.1375,0.1642512077294686
Y aquÃ­ el ministro no quiere hacer su trabajo y quiere soltar a los presos,And here the minister does not want to do his job and wants to release the prisoners,-0.5457,negative,74,84,0.19958893456282645,0.18,0.19806763285024154,0.19958893456282645,0.18,0.19806763285024154
Lo mismo deberÃ­an hacer aquÃ­ en Colombia ğŸ‡¨ğŸ‡´,They should do the same here in Colombia ğŸ‡¨ğŸ‡´,0.0,neutral,43,43,0.5027219197866905,0.1025,0.09903381642512077,0.5027219197866905,0.1025,0.09903381642512077
Este hombre es lo mÃ¡ximo!!,This man is the best!!,0.6988,positive,26,22,0.890901010998778,0.060000000000000005,0.04830917874396135,0.890901010998778,0.060000000000000005,0.04830917874396135
Una para Colombia ğŸ‡¨ğŸ‡´ ğŸ™Œ,One for Colombia ğŸ‡¨ğŸ‡´ ğŸ™Œ,0.0,neutral,22,21,0.5027219197866905,0.05,0.04589371980676328,0.5027219197866905,0.05,0.04589371980676328
Queremos un Bukele en colombia,We want a Bukele in Colombia,0.0772,positive,30,28,0.5456060437729142,0.06999999999999999,0.06280193236714976,0.5456060437729142,0.06999999999999999,0.06280193236714976
AllÃ¡ en El Salvador si vivirÃ¡n sabroso de verdad,There in El Salvador if they will live really tasty,0.0,neutral,48,51,0.5027219197866905,0.11499999999999999,0.11835748792270531,0.5027219197866905,0.11499999999999999,0.11835748792270531
Mientras en salvador los capturan y los procesan en colombia piensan en liberar ğŸ˜‚ğŸ˜‚ğŸ˜‚ğŸ˜‚ğŸ˜‚ğŸ˜‚ğŸ˜‚ğŸ˜‚ğŸ˜‚ mientras en El Salvador construyen meta cÃ¡rceles en colombia piensan en remodelar las viejas ğŸ˜‚ğŸ˜‚ğŸ˜‚ğŸ˜‚ğŸ˜‚ğŸ˜‚ğŸ˜‚ğŸ˜‚ğŸ˜‚ğŸ˜‚ğŸ˜‚,"While in Salvador they are captured and processed in Colombia, they think about releasing them ğŸ˜‚ğŸ˜‚ğŸ˜‚ğŸ˜‚ğŸ˜‚ğŸ˜‚ğŸ˜‚ğŸ˜‚ğŸ˜‚ while in El Salvador they build meta-prisons in Colombia they think about remodeling the old ones",0.0,neutral,194,202,0.5027219197866905,0.48,0.4830917874396135,0.5027219197866905,0.48,0.4830917874396135
Este si los tiene bien puestos,This one does have them well placed,0.2732,positive,30,35,0.654482835240529,0.06999999999999999,0.07971014492753624,0.654482835240529,0.06999999999999999,0.07971014492753624
"Excelente. Que grande este presidente, calladito hace las cosas y pone al salvador al 10000.","Great. How great this president, quietly does things and puts the savior at 10,000.",0.8481,positive,92,83,0.9738362404177314,0.225,0.1956521739130435,0.9738362404177314,0.225,0.1956521739130435
"Que aprenda este gobierno, los delincuentes se castigan no se premian!!!","Let this government learn, criminals are punished, not rewarded!!!",-0.8808,negative,72,66,0.013442950783246366,0.175,0.15458937198067632,0.013442950783246366,0.175,0.15458937198067632
ğŸ‘ğŸ‘ğŸ‘ğŸ‘ğŸ‘ğŸ‘ğŸ‘ğŸ‘ğŸ‘ que ejemplo,ğŸ‘ğŸ‘ğŸ‘ğŸ‘ğŸ‘ğŸ‘ğŸ‘ğŸ‘ğŸ‘ what an example,0.0,neutral,21,25,0.5027219197866905,0.0475,0.05555555555555555,0.5027219197866905,0.0475,0.05555555555555555
Uff ese es el presidente que el paÃ­s del sagrado CorazÃ³n necesita.,Uff that is the president that the country of the Sacred Heart needs.,0.0,neutral,66,69,0.5027219197866905,0.16,0.16183574879227053,0.5027219197866905,0.16,0.16183574879227053
Quisiera este presidente en colombia ğŸ‡¨ğŸ‡´,I would like this president in Colombia ğŸ‡¨ğŸ‡´,0.3612,positive,39,42,0.7033662926341518,0.0925,0.0966183574879227,0.7033662926341518,0.0925,0.0966183574879227
Lo que le hace falta a Colombia ğŸ˜¢,What Colombia needs ğŸ˜¢,0.0,neutral,33,21,0.5027219197866905,0.0775,0.04589371980676328,0.5027219197866905,0.0775,0.04589371980676328
"Pffff, en Colombia les pagan. ğŸ˜","Pffff, in Colombia they get paid. ğŸ˜",0.0,neutral,31,35,0.5027219197866905,0.0725,0.07971014492753624,0.5027219197866905,0.0725,0.07971014492753624
Y AcÃ¡ los quieren liberar a todos ğŸ˜¢,And here they want to free them all ğŸ˜¢,0.5574,positive,35,37,0.8123541828685703,0.0825,0.08454106280193237,0.8123541828685703,0.0825,0.08454106280193237
El presi q necesita Colombia,The president that Colombia needs,0.0,neutral,28,33,0.5027219197866905,0.065,0.0748792270531401,0.5027219197866905,0.065,0.0748792270531401
"@nayibbukele vente un aÃ±ito para acÃ¡ pa colombia valesita, pero te aclaro acÃ¡ tienes que construir como 5 de esas mismas carceles","@nayibbukele come here a year to Colombia valesita, but I clarify here you have to build like 5 of those same prisons",0.5023,positive,129,117,0.7817464726141541,0.3175,0.27777777777777773,0.7817464726141541,0.3175,0.27777777777777773
@gustavopetrourrego @franciamarquezm cojan ejemplo,@gustavopetrourrego @franciamarquezm take an example,0.0,neutral,50,52,0.5027219197866905,0.12,0.12077294685990339,0.5027219197866905,0.12,0.12077294685990339
Eso es lo que tiene que hacer aquÃ­.,That's what you have to do here.,0.0,neutral,35,32,0.5027219197866905,0.0825,0.07246376811594203,0.5027219197866905,0.0825,0.07246376811594203
Mira !dioto @gustavopetrourrego,Look!dioto @gustavopetrourrego,0.0,neutral,31,30,0.5027219197866905,0.0725,0.0676328502415459,0.5027219197866905,0.0725,0.0676328502415459
Impuestos bien invertidos,taxes well spent,0.2732,positive,25,16,0.654482835240529,0.0575,0.033816425120772944,0.654482835240529,0.0575,0.033816425120772944
Lugar perfecto para los gestores de paz,Perfect place for peace managers,0.802,positive,39,32,0.9482279746694813,0.0925,0.07246376811594203,0.9482279746694813,0.0925,0.07246376811594203
Podemos pedir clones de (presidentes) para latm ya no queremos socialismo ğŸ˜¢,We can ask for clones of (presidents) for latm we don't want socialism anymore ğŸ˜¢,-0.0572,negative,75,80,0.4709476724808355,0.1825,0.18840579710144928,0.4709476724808355,0.1825,0.18840579710144928
Casa para 40 mil gestores de la â€œpazâ€,"House for 40 thousand ""peace"" managers",0.0,neutral,37,38,0.5027219197866905,0.0875,0.08695652173913043,0.5027219197866905,0.0875,0.08695652173913043
En Colombia la inauguran con la mitad de los funcionarios del gobierno ğŸ˜‚ğŸ˜‚ğŸ˜‚ğŸ˜‚,In Colombia they inaugurate it with half of the government officials ğŸ˜‚ğŸ˜‚ğŸ˜‚ğŸ˜‚,0.0,neutral,75,73,0.5027219197866905,0.1825,0.1714975845410628,0.5027219197866905,0.1825,0.1714975845410628
Que ejemplo eres presidente ğŸ‘ğŸ‘ admiraciÃ³n total,What an example you are president ğŸ‘ğŸ‘ total admiration,0.5423,positive,47,53,0.8039662259748919,0.1125,0.12318840579710144,0.8039662259748919,0.1125,0.12318840579710144
"AcÃ¡ en Colombia ğŸ‡¨ğŸ‡´, deberÃ­an construir una asÃ­ y ponerlos a trabajar, quÃ© ellos emprendan desde allÃ¡","Here in Colombia ğŸ‡¨ğŸ‡´, they should build one like this and put them to work, what they undertake from there",0.3612,positive,100,105,0.7033662926341518,0.245,0.24879227053140093,0.7033662926341518,0.245,0.24879227053140093
En Colombia le dan un puesto,In Colombia they give him a position,0.0,neutral,28,36,0.5027219197866905,0.065,0.0821256038647343,0.5027219197866905,0.065,0.0821256038647343
El mejor presidente ğŸ‘ğŸ‘ğŸ‘,The best president ğŸ‘ğŸ‘ğŸ‘,0.6369,positive,23,22,0.8565159426730364,0.052500000000000005,0.04830917874396135,0.8565159426730364,0.052500000000000005,0.04830917874396135
Este man lo amo,I love this man,0.6369,positive,15,15,0.8565159426730364,0.0325,0.03140096618357488,0.8565159426730364,0.0325,0.03140096618357488
"Excelente. Cuando no se roban los recursos,el dinero alcanza para todo.","Great. When resources are not stolen, money is enough for everything.",0.7736,positive,71,69,0.9324519497833574,0.1725,0.16183574879227053,0.9324519497833574,0.1725,0.16183574879227053
EXCELENTE MARAVILLOSO... FELICITACIONES A TODO EL EQUIPO DE GOBIERNO LEGISLADORES JUECES Y MAGISTRADOS EN EL SALVADOR!!!,EXCELLENT WONDERFUL... CONGRATULATIONS TO THE ENTIRE GOVERNMENT TEAM LEGISLATORS JUDGES AND MAGISTRATES IN EL SALVADOR!!!,0.8582,positive,120,121,0.9794467281413177,0.295,0.28743961352657,0.9794467281413177,0.295,0.28743961352657
Quiero una asÃ­ en Colombia!ğŸ¤­ğŸ¤­ğŸ¤­,I want one like this in Colombia!ğŸ¤­ğŸ¤­ğŸ¤­,0.4753,positive,30,36,0.7667481390956561,0.06999999999999999,0.0821256038647343,0.7667481390956561,0.06999999999999999,0.0821256038647343
APRENDE @gustavopetrourrego,LEARN @gustavopetrourrego,0.0,neutral,27,25,0.5027219197866905,0.0625,0.05555555555555555,0.5027219197866905,0.0625,0.05555555555555555
Regio.,Royal.,0.0,neutral,6,6,0.5027219197866905,0.009999999999999998,0.009661835748792268,0.5027219197866905,0.009999999999999998,0.009661835748792268
ğŸ‘ğŸ™ŒğŸ™Œ,ğŸ‘ğŸ™ŒğŸ™Œ,0.0,neutral,3,3,0.5027219197866905,0.0024999999999999996,0.002415458937198067,0.5027219197866905,0.0024999999999999996,0.002415458937198067
ğŸ˜ğŸ˜ğŸ˜ğŸ˜,ğŸ˜ğŸ˜ğŸ˜ğŸ˜,0.0,neutral,4,4,0.5027219197866905,0.005,0.004830917874396135,0.5027219197866905,0.005,0.004830917874396135
ğŸ‘ğŸ‘ğŸ‘ğŸ‘ğŸ‘,ğŸ‘ğŸ‘ğŸ‘ğŸ‘ğŸ‘,0.0,neutral,5,5,0.5027219197866905,0.007500000000000001,0.007246376811594203,0.5027219197866905,0.007500000000000001,0.007246376811594203
ğŸ‘ğŸ‘,ğŸ‘ğŸ‘,0.0,neutral,2,2,0.5027219197866905,0.0,0.0,0.5027219197866905,0.0,0.0
ğŸ‘ŒğŸ’¯â˜ºï¸ğŸŒ¹,ğŸ‘ŒğŸ’¯â˜ºï¸ğŸŒ¹,0.0,neutral,5,5,0.5027219197866905,0.007500000000000001,0.007246376811594203,0.5027219197866905,0.007500000000000001,0.007246376811594203
Venga pa acÃ¡ bro que el de acÃ¡ no tiene huevos,"Come here bro, the one here has no eggs",-0.296,negative,46,39,0.33829574491723147,0.11,0.08937198067632851,0.33829574491723147,0.11,0.08937198067632851
ğŸ‘ğŸ‘ğŸ‘ğŸ‘ğŸ‘ğŸ‘ğŸ‘ğŸ‘,ğŸ‘ğŸ‘ğŸ‘ğŸ‘ğŸ‘ğŸ‘ğŸ‘ğŸ‘,0.0,neutral,8,8,0.5027219197866905,0.015,0.014492753623188404,0.5027219197866905,0.015,0.014492753623188404
"CÃ³mo amo a ese seÃ±or, Â¿SerÃ¡ que no se quiere nacionalizar? Le damos ajiaco gratis ğŸ¥¹","How I love that man, could it be that he does not want to be nationalized? We give you ajiaco for free ğŸ¥¹",0.8062,positive,83,104,0.9505610487723588,0.2025,0.2463768115942029,0.9505610487723588,0.2025,0.2463768115942029
Lo que deberÃ­an estar construyendo acÃ¡ en vez de dejarlos libres @davidvasquezm,What they should be building here instead of leaving them free @davidvasquezm,0.5106,positive,79,77,0.7863570714365071,0.1925,0.18115942028985507,0.7863570714365071,0.1925,0.18115942028985507
Ejemplo!!!! ğŸ’—,Example!!!! ğŸ’—,0.0,neutral,13,13,0.5027219197866905,0.0275,0.026570048309178744,0.5027219197866905,0.0275,0.026570048309178744
"A petro no le gusta esto, de hecho le da nauseas ğŸ¤®","Petro doesn't like this, in fact it makes him nauseous ğŸ¤®",-0.2755,negative,50,56,0.34968336851460957,0.12,0.13043478260869565,0.34968336851460957,0.12,0.13043478260869565
ğŸ‘ğŸ‘ğŸ‘,ğŸ‘ğŸ‘ğŸ‘,0.0,neutral,3,3,0.5027219197866905,0.0024999999999999996,0.002415458937198067,0.5027219197866905,0.0024999999999999996,0.002415458937198067
La llena en dos dÃ­as jajajaja,He fills it up in two days hahahaha,0.0,neutral,29,35,0.5027219197866905,0.06749999999999999,0.07971014492753624,0.5027219197866905,0.06749999999999999,0.07971014492753624
"Ese es el presidente que necesita Colombia , para que acabe con tanga corrupciÃ³n","That is the president that Colombia needs, to put an end to corruption",0.0,neutral,80,70,0.5027219197866905,0.195,0.1642512077294686,0.5027219197866905,0.195,0.1642512077294686
"El comienzo de los campos de concentracion tambiÃ©n fue asÃ­. Primero hicieron la infraestructura, despues convencieron al pueblo que era para los criminales y al final el dictador ""definÃ­a"" quien era criminal y quien no - hasta que mataban a todo el que iba encontra de su ideologia. Que en Colombia pidan algo igual, muestra la falta de conocimiento y pensamiento critico de gran parte de la poblaciÃ³n.","The beginning of the concentration camps was also like this. First they built the infrastructure, then they convinced the people that it was for criminals and in the end the dictator ""defined"" who was criminal and who was not-until they killed everyone who went against his ideology. That in Colombia they ask for something similar shows the lack of knowledge and critical thinking of a large part of the population.",-0.9001,negative,402,416,0.002721919786690452,1.0000000000000002,1.0,0.002721919786690452,1.0000000000000002,1.0
Hoy conocÃ­ la envidia ğŸ˜¢,Today I met envy ğŸ˜¢,-0.2732,negative,23,18,0.350961004332852,0.052500000000000005,0.03864734299516908,0.350961004332852,0.052500000000000005,0.03864734299516908
Definitivamente tenemos el peor presidente de toda la historia de Colombia... Bukele dando ejemplo ğŸ‘ğŸ‘,We definitely have the worst president in the entire history of Colombia... Bukele setting an example ğŸ‘ğŸ‘,-0.34,negative,101,104,0.31385401622042,0.2475,0.2463768115942029,0.31385401622042,0.2475,0.2463768115942029
Llenar cÃ¡rceles no resuelve el problema en el fondo :/ hay que invertir para crear mÃ¡s oportunidades a la gente y asÃ­ mejorar las situaciones socioeconÃ³micas,Filling prisons does not solve the problem in the end :/ we must invest to create more opportunities for people and thus improve socioeconomic situations,0.7318,positive,157,153,0.9092323075213866,0.3875,0.36473429951690817,0.9092323075213866,0.3875,0.36473429951690817
Excelente ğŸ‘ğŸ‘ğŸ‘ğŸ‘ğŸ‘,Excellent ğŸ‘ğŸ‘ğŸ‘ğŸ‘ğŸ‘,0.5719,positive,15,15,0.8204088434618377,0.0325,0.03140096618357488,0.8204088434618377,0.0325,0.03140096618357488
ğŸ‘ğŸ‘ğŸ‘ğŸ‘ğŸ‘,ğŸ‘ğŸ‘ğŸ‘ğŸ‘ğŸ‘,0.0,neutral,5,5,0.5027219197866905,0.007500000000000001,0.007246376811594203,0.5027219197866905,0.007500000000000001,0.007246376811594203
"Por favor derechos humanos, esos gestores de paz necesitan ayudağŸ˜­","Please human rights, those peace managers need help ğŸ˜­",0.8176,positive,65,53,0.9568936784801689,0.1575,0.12318840579710144,0.9568936784801689,0.1575,0.12318840579710144
Y acÃ¡ en Colombia les dan curules y un millÃ³n mensuales ğŸ¤£ğŸ¤£ğŸ¤£ğŸ¤£ğŸ¤£ğŸ¤£ğŸ¤£ğŸ¤£ğŸ¤£ğŸ¤£ğŸ¤£ğŸ¤£ğŸ¤£ğŸ¤£ğŸ¤£,And here in Colombia they give them seats and a million a month,0.0,neutral,71,63,0.5027219197866905,0.1725,0.1473429951690821,0.5027219197866905,0.1725,0.1473429951690821
Ese si es un precidente y un verdadero cambio para un paÃ­s no como el payaso que montaron acÃ¡ en Colombia que el Ãºnico que estÃ¡ viviendo sabroso es el y su familia,That if he is a president and a real change for a country not like the clown that they set up here in Colombia that the only one who is living well is him and his family,-0.0026,negative,163,169,0.5012776358182425,0.4025,0.40338164251207725,0.5012776358182425,0.4025,0.40338164251207725
El presidente que necesitamos,The president we need,0.0,neutral,29,21,0.5027219197866905,0.06749999999999999,0.04589371980676328,0.5027219197866905,0.06749999999999999,0.04589371980676328
Excelente,Great,0.6249,positive,9,5,0.8498500166648151,0.017499999999999998,0.007246376811594203,0.8498500166648151,0.017499999999999998,0.007246376811594203
AcÃ¡ les ponen hasta sueldo ğŸ¤£ğŸ˜…,Here they even pay them ğŸ¤£ğŸ˜…,-0.1027,negative,29,26,0.44567270303299644,0.06749999999999999,0.057971014492753624,0.44567270303299644,0.06749999999999999,0.057971014492753624
ğŸ‘ğŸ‘ğŸ‘ğŸ‘,ğŸ‘ğŸ‘ğŸ‘ğŸ‘,0.0,neutral,4,4,0.5027219197866905,0.005,0.004830917874396135,0.5027219197866905,0.005,0.004830917874396135
AcÃ¡ deberÃ­an construir una en vichada o VaupÃ©s que ni seÃ±al tengan y que cultivÃ©n su propio alimentÃ³,Here they should build one in Vichada or VaupÃ©s that doesn't even have a sign and that grows its own food,0.0,neutral,100,105,0.5027219197866905,0.245,0.24879227053140093,0.5027219197866905,0.245,0.24879227053140093
LÃ¡stima Colombia no tener ese presidenteğŸ˜¢,Too bad Colombia doesn't have that presidentğŸ˜¢,-0.5423,negative,41,45,0.2014776135984891,0.0975,0.10386473429951691,0.2014776135984891,0.0975,0.10386473429951691
"@gustavopetrourrego siga el ejemplo de un presidente de verdad con los pantalones bien puestos, no como usted que la guerrilla y la delincuencia se lo tiene adentro","@gustavopetrourrego follow the example of a real president with his pants on, not like you who have it inside the guerilla and crime",-0.6818,negative,164,132,0.1239862237529164,0.405,0.31400966183574874,0.1239862237529164,0.405,0.31400966183574874
ğŸ‘ğŸ‘ğŸ‘ğŸ‘ğŸ‘ğŸ‘ lo que este paÃ­s necesita pa q dejen de inventarse los gestores de paz ğŸ™„ğŸ™„,ğŸ‘ğŸ‘ğŸ‘ğŸ‘ğŸ‘ğŸ‘ what this country needs to stop inventing peace managers ğŸ™„ğŸ™„,0.3182,positive,80,66,0.6794800577713589,0.195,0.15458937198067632,0.6794800577713589,0.195,0.15458937198067632
"Mientras Bukele construye cÃ¡rceles, Petro busca liberar presos de las cÃ¡rceles que hayan cometido delitos menores, que son esos mismos que roban celulares, bolsos, motos etc en las calles y que tienen azotados a los colombianos en su dÃ­a a dÃ­a. #Diferencias.","While Bukele builds prisons, Petro seeks to release prisoners from prisons who have committed minor crimes, which are the same ones who steal cell phones, bags, motorcycles, etc. in the streets and who have Colombians whipped on a daily basis. #Differences.",-0.6597,negative,258,257,0.136262637484724,0.64,0.6159420289855072,0.136262637484724,0.64,0.6159420289855072
Mientras el gobierno petro pensando dejar libre a los delicuentes con salario mÃ­nimo,While the petro government is thinking of letting criminals go free with minimum wage,-0.1027,negative,84,85,0.44567270303299644,0.205,0.20048309178743962,0.44567270303299644,0.205,0.20048309178743962
Con terroristas no se negoceağŸ‘ aqui que los grupos armados han hecho mil veces lo mismo que es desmovilizar cabecillas mientras se deja un brazo armado a titulo de dicidencias no dejan de delinquir ni narcotraficar y usan el vehiculo de la paz para canar territorio y fortalecerse.Les siguen creyendo ese cuento de paz.,"You don't negotiate with terrorists ğŸ‘ here that the armed groups have done the same thing a thousand times, which is to demobilize leaders while leaving an armed arm as a decision, they do not stop committing crimes or drug trafficking and use the vehicle of peace to destroy territory and strengthen themselves. They continue to believe that tale of peace.",0.8677,positive,319,357,0.984723919564493,0.7925,0.8574879227053139,0.984723919564493,0.7925,0.8574879227053139
ğŸ™ŒğŸ™ŒğŸ™Œ,ğŸ™ŒğŸ™ŒğŸ™Œ,0.0,neutral,3,3,0.5027219197866905,0.0024999999999999996,0.002415458937198067,0.5027219197866905,0.0024999999999999996,0.002415458937198067
